"sp","occurance_probability"
"Dry",73.8161595361388
"Pmal",69.6230059776376
"Ptom",65.2393351200393
"Sacu",80.5181009304963
"Sbec",114.562947521713
"Sfal",94.3132528791466
"Sgib",95.1074346613754
"Slep",56.7483387964928
"Smac",79.6421137874794
"Smec",58.8173061266871
"Spar",61.9553735152414
"Spau",92.7905218813301
"Ssem",48.5114243737959
"Ssmi",82.4284894825631
"Swal",61.4578782655319
"Sxan",65.9529665893977
